Original URL,Link slug
https://nexussystemserp.com/,0002
https://nexussystemserp.com/,0003
https://nexussystemserp.com/,0004
https://nexussystemserp.com/,0005
https://nexussystemserp.com/,0006
https://nexussystemserp.com/,0007
https://nexussystemserp.com/,0008
https://nexussystemserp.com/,0009
https://nexussystemserp.com/,0010
https://nexussystemserp.com/,0011
https://nexussystemserp.com/,0012
https://nexussystemserp.com/,0013
https://nexussystemserp.com/,0014
https://nexussystemserp.com/,0015
https://nexussystemserp.com/,0016
https://nexussystemserp.com/,0017
https://nexussystemserp.com/,0018
https://nexussystemserp.com/,0019
https://nexussystemserp.com/,0020
https://nexussystemserp.com/,0021
https://nexussystemserp.com/,0022
https://nexussystemserp.com/,0023
https://nexussystemserp.com/,0024
https://nexussystemserp.com/,0025
https://nexussystemserp.com/,0026
https://nexussystemserp.com/,0027
https://nexussystemserp.com/,0028
https://nexussystemserp.com/,0029
https://nexussystemserp.com/,0030
https://nexussystemserp.com/,0031
https://nexussystemserp.com/,0032
https://nexussystemserp.com/,0033
https://nexussystemserp.com/,0034
https://nexussystemserp.com/,0035
https://nexussystemserp.com/,0036
https://nexussystemserp.com/,0037
https://nexussystemserp.com/,0038
https://nexussystemserp.com/,0039
https://nexussystemserp.com/,0040
https://nexussystemserp.com/,0041
https://nexussystemserp.com/,0042
https://nexussystemserp.com/,0043
https://nexussystemserp.com/,0044
https://nexussystemserp.com/,0045
https://nexussystemserp.com/,0046
https://nexussystemserp.com/,0047
https://nexussystemserp.com/,0048
https://nexussystemserp.com/,0049
https://nexussystemserp.com/,0050
https://nexussystemserp.com/,0051
https://nexussystemserp.com/,0052
https://nexussystemserp.com/,0053
https://nexussystemserp.com/,0054
https://nexussystemserp.com/,0055
https://nexussystemserp.com/,0056
https://nexussystemserp.com/,0057
https://nexussystemserp.com/,0058
https://nexussystemserp.com/,0059
https://nexussystemserp.com/,0060
https://nexussystemserp.com/,0061
https://nexussystemserp.com/,0062
https://nexussystemserp.com/,0063
https://nexussystemserp.com/,0064
https://nexussystemserp.com/,0065
https://nexussystemserp.com/,0066
https://nexussystemserp.com/,0067
https://nexussystemserp.com/,0068
https://nexussystemserp.com/,0069
https://nexussystemserp.com/,0070
https://nexussystemserp.com/,0071
https://nexussystemserp.com/,0072
https://nexussystemserp.com/,0073
https://nexussystemserp.com/,0074
https://nexussystemserp.com/,0075
https://nexussystemserp.com/,0076
https://nexussystemserp.com/,0077
https://nexussystemserp.com/,0078
https://nexussystemserp.com/,0079
https://nexussystemserp.com/,0080
https://nexussystemserp.com/,0081
https://nexussystemserp.com/,0082
https://nexussystemserp.com/,0083
https://nexussystemserp.com/,0084
https://nexussystemserp.com/,0085
https://nexussystemserp.com/,0086
https://nexussystemserp.com/,0087
https://nexussystemserp.com/,0088
https://nexussystemserp.com/,0089
https://nexussystemserp.com/,0090
https://nexussystemserp.com/,0091
https://nexussystemserp.com/,0092
https://nexussystemserp.com/,0093
https://nexussystemserp.com/,0094
https://nexussystemserp.com/,0095
https://nexussystemserp.com/,0096
https://nexussystemserp.com/,0097
https://nexussystemserp.com/,0098
https://nexussystemserp.com/,0099
https://nexussystemserp.com/,0100
https://nexussystemserp.com/,0101
https://nexussystemserp.com/,0102
https://nexussystemserp.com/,0103
https://nexussystemserp.com/,0104
https://nexussystemserp.com/,0105
https://nexussystemserp.com/,0106
https://nexussystemserp.com/,0107
https://nexussystemserp.com/,0108
https://nexussystemserp.com/,0109
https://nexussystemserp.com/,0110
https://nexussystemserp.com/,0111
https://nexussystemserp.com/,0112
https://nexussystemserp.com/,0113
https://nexussystemserp.com/,0114
https://nexussystemserp.com/,0115
https://nexussystemserp.com/,0116
https://nexussystemserp.com/,0117
https://nexussystemserp.com/,0118
https://nexussystemserp.com/,0119
https://nexussystemserp.com/,0120
https://nexussystemserp.com/,0121
https://nexussystemserp.com/,0122
https://nexussystemserp.com/,0123
https://nexussystemserp.com/,0124
https://nexussystemserp.com/,0125
https://nexussystemserp.com/,0126
https://nexussystemserp.com/,0127
https://nexussystemserp.com/,0128
https://nexussystemserp.com/,0129
https://nexussystemserp.com/,0130
https://nexussystemserp.com/,0131
https://nexussystemserp.com/,0132
https://nexussystemserp.com/,0133
https://nexussystemserp.com/,0134
https://nexussystemserp.com/,0135
https://nexussystemserp.com/,0136
https://nexussystemserp.com/,0137
https://nexussystemserp.com/,0138
https://nexussystemserp.com/,0139
https://nexussystemserp.com/,0140
https://nexussystemserp.com/,0141
https://nexussystemserp.com/,0142
https://nexussystemserp.com/,0143
https://nexussystemserp.com/,0144
https://nexussystemserp.com/,0145
https://nexussystemserp.com/,0146
https://nexussystemserp.com/,0147
https://nexussystemserp.com/,0148
https://nexussystemserp.com/,0149
https://nexussystemserp.com/,0150
https://nexussystemserp.com/,0151
https://nexussystemserp.com/,0152
https://nexussystemserp.com/,0153
https://nexussystemserp.com/,0154
https://nexussystemserp.com/,0155
https://nexussystemserp.com/,0156
https://nexussystemserp.com/,0157
https://nexussystemserp.com/,0158
https://nexussystemserp.com/,0159
https://nexussystemserp.com/,0160
https://nexussystemserp.com/,0161
https://nexussystemserp.com/,0162
https://nexussystemserp.com/,0163
https://nexussystemserp.com/,0164
https://nexussystemserp.com/,0165
https://nexussystemserp.com/,0166
https://nexussystemserp.com/,0167
https://nexussystemserp.com/,0168
https://nexussystemserp.com/,0169
https://nexussystemserp.com/,0170
https://nexussystemserp.com/,0171
https://nexussystemserp.com/,0172
https://nexussystemserp.com/,0173
https://nexussystemserp.com/,0174
https://nexussystemserp.com/,0175
https://nexussystemserp.com/,0176
https://nexussystemserp.com/,0177
https://nexussystemserp.com/,0178
https://nexussystemserp.com/,0179
https://nexussystemserp.com/,0180
https://nexussystemserp.com/,0181
https://nexussystemserp.com/,0182
https://nexussystemserp.com/,0183
https://nexussystemserp.com/,0184
https://nexussystemserp.com/,0185
https://nexussystemserp.com/,0186
https://nexussystemserp.com/,0187
https://nexussystemserp.com/,0188
https://nexussystemserp.com/,0189
https://nexussystemserp.com/,0190
https://nexussystemserp.com/,0191
https://nexussystemserp.com/,0192
https://nexussystemserp.com/,0193
https://nexussystemserp.com/,0194
https://nexussystemserp.com/,0195
https://nexussystemserp.com/,0196
https://nexussystemserp.com/,0197
https://nexussystemserp.com/,0198
https://nexussystemserp.com/,0199
https://nexussystemserp.com/,0200
